occupancy,example,uniform_kPa_ASCE7,uniform_kPa_EC1_range,concentrated_kN,note
Residential,dwellings,1.92,1.5-2.0,1.8-2.0,
Office,offices,2.40,2.5-3.0,2.0-4.5,Add 0.8-1.0 kPa partitions if movable
Assembly fixed seats,auditorium,2.87,3.0-4.0,3.6-4.0,Dynamic effects from rhythmic crowds: check vibration
Assembly movable seats / lobbies / halls,exhibition and gathering,4.79,4.0-5.0,3.6-4.5,Governs for public pavilions
Retail ground floor,shops,4.79,4.0-5.0,3.6-4.0,
Corridors above ground,egress routes,3.83,3.0-4.0,,Use occupancy load if larger
Stairs and exits,egress,4.79,3.0-4.0,1.3-2.0,
Library stack rooms,heavy storage,7.18,>=5.0,4.5,Check actual stored mass
Roof (ordinary maintenance),,0.96,0.4,1.0,Reduced if no access; snow/wind separate
Balcony / terrace,,4.79,2.5-4.0,2.0,
Plant rooms,mechanical,7.2,>=7.5,,Use equipment weights
