id,name,place,year,designers,typology,structure,materials,climate_light,innovation,lesson_for_pavilion,tags
pantheon,Pantheon,"Rome, Italy",c. 126,Hadrian's builders (attrib.),temple,"Unreinforced concrete dome on drum, coffered",Roman concrete with aggregate graded lighter toward the crown,Single oculus as the only light source; sun disc tracks the interior,Largest unreinforced concrete dome for over a millennium; mass graded by height,Grade weight with height and let one aperture carry the whole light story of the hall,structure;light;concrete;historic
hagia-sophia,Hagia Sophia,"Istanbul, Türkiye",537,Isidore of Miletus; Anthemius of Tralles,sacred,Dome on pendentives over a square bay,"Brick, mortar, stone",Ring of windows at the dome base makes it appear to float,Pendentive transfer from circle to square at vast scale; dome partly collapsed after an earthquake in 558 and was rebuilt steeper,Seismic lesson: spectacular spans in seismic regions need margin; the rebuild changed the geometry,structure;seismic;light;historic
horyu-ji,Hōryū-ji five-storey pagoda,"Nara, Japan",c. 7th century,Temple carpenters,sacred,Timber stack of loosely connected storeys around a central shinbashira post,Hinoki cypress,Deep eaves shed rain and shade,Among the oldest wooden buildings; flexible stacked joints dissipate earthquake energy,Timber connections can be designed to move and dissipate energy rather than resist rigidly,timber;seismic;craft;historic
florence-dome,Dome of Santa Maria del Fiore,"Florence, Italy",1436,Filippo Brunelleschi,sacred,Double-shell masonry dome built without full centering,"Brick in herringbone bond, stone and timber chains",Lantern brings light to the crown,Construction method was the design: self-supporting courses during erection,Design the erection sequence with the structure; the hall diagrid must be stable at every stage,structure;construction;historic
chartres,Chartres Cathedral,"Chartres, France",c. 1220,Master masons,sacred,Rib vaults with flying buttresses carrying thrust outward,"Limestone, stained glass",Walls dissolved into coloured glass because thrust left the wall,Flying buttress separates support from enclosure,Separate the structure from the skin: cores and frame carry load so the veil can be light,structure;light;facade;historic
alhambra,Alhambra,"Granada, Spain",13th–14th century,Nasrid builders,palace,Load-bearing masonry with timber ceilings and muqarnas,"Rammed earth, brick, plaster, timber, tile","Courtyards, water channels and screens cool and filter light","Ornament as climate control: water, shade and perforated screens","Perforation can be geometry, climate and ornament at once, as in the copper veil",facade;climate;craft;historic
djenne,Great Mosque of Djenné,"Djenné, Mali",1907 (rebuild),Ismaila Traoré (mason guild),sacred,Thick load-bearing mud-brick walls with palm-wood toron,Sun-dried earth brick and earth plaster,Thermal mass and small openings keep interiors cool,Annual community replastering makes maintenance a festival,"Earth plinth needs a maintenance and moisture strategy, ideally one the community owns",earth;climate;craft;community;historic
katsura,Katsura Imperial Villa,"Kyoto, Japan",17th century,Imperial household craftsmen,residential,Timber post-and-beam on a modular tatami grid,"Timber, paper screens, tatami",Raised floor ventilates; sliding screens tune light and air,Modular grid generating every proportion; inside and garden merge,A strict module (here 8 m and 1 m) can make a building calm rather than rigid,timber;module;light;historic
angkor-wat,Angkor Wat,"Siem Reap, Cambodia",12th century,Khmer builders,sacred,Dry-laid stone galleries and corbelled vaults on sandy foundations,"Sandstone, laterite",Moats and reservoirs manage water and ground,Water management as foundation engineering,Ground and water first: a site investigation is architecture too,foundation;water;historic
yazd-windcatchers,Windcatchers of Yazd,"Yazd, Iran",historic,Vernacular builders,vernacular,Masonry towers with internal vanes,Mud brick,"Catch wind, induce stack effect, cool through water and mass",Passive ventilation refined over centuries,The hall's stack ventilation through the lattice is the same idea; size it with simulation,climate;passive;earth;historic
crystal-palace,Crystal Palace,"London, UK",1851,"Joseph Paxton; Fox, Henderson & Co.",exhibition,"Prefabricated cast and wrought iron with timber, modular","Iron, glass, timber",Glass envelope with ventilation louvres,Mass prefabrication and rapid assembly; destroyed by fire in 1936,Prefabrication makes speed and repetition possible; fire strategy must keep up with novelty,prefabrication;facade;fire;modern
eiffel,Eiffel Tower,"Paris, France",1889,"Gustave Eiffel's firm (Koechlin, Nouguier, Sauvestre)",tower,Wrought-iron lattice whose profile follows wind moment,Wrought iron,Open lattice lets wind pass,Form derived from wind loading,Let a load case shape the form; the diagrid profile can follow its moments,structure;wind;lattice;modern
unity-temple,Unity Temple,"Oak Park, USA",1908,Frank Lloyd Wright,sacred,Monolithic poured reinforced concrete,Concrete,Clerestory and skylights give even top light,Early architectural use of exposed cast concrete,Top light without glare: the hall needs diffused light from above,concrete;light;modern
barcelona-pavilion,Barcelona Pavilion,"Barcelona, Spain",1929 (rebuilt 1986),Ludwig Mies van der Rohe; Lilly Reich,pavilion,Thin steel columns carry a flat roof; walls freed from load,"Steel, marble, onyx, glass, travertine",Reflecting pools and planes direct light,Free plan; walls as spatial planes,A pavilion is judged by its sequence and materials; keep the material palette tight,pavilion;material;space;modern
villa-savoye,Villa Savoye,"Poissy, France",1931,Le Corbusier,residential,Reinforced-concrete frame on pilotis,"Concrete, render","Ribbon windows, roof garden",Five points of architecture made built,"A roof garden is a promise: plan structure, waterproofing and loads for it",concrete;roof;modern
fallingwater,Fallingwater,"Mill Run, USA",1937,Frank Lloyd Wright,residential,Reinforced-concrete cantilevers over a waterfall,"Concrete, local sandstone",Terraces and stone anchor it in the landscape,Site-integrated cantilevers; cantilevers deflected over decades and were post-tensioned in a 2002 repair,"Cantilevers creep: the entry cantilever needs long-term deflection design, not just strength",cantilever;site;failure-lesson;modern
imperial-hotel,Imperial Hotel,"Tokyo, Japan",1923,Frank Lloyd Wright,hotel,Floating foundation on soft soil with flexible articulation,"Concrete, brick, Oya stone",Courtyards and pools (also water for firefighting),Survived the 1923 Kantō earthquake reasonably well; the extent is debated in the literature,Treat seismic success stories critically and read the reconnaissance evidence,seismic;foundation;modern
sagrada-familia,Sagrada Família,"Barcelona, Spain",1882–ongoing,Antoni Gaudí and successors,sacred,Branching columns and inclined members following funicular forms,"Stone, reinforced concrete","Coloured glass, tree-like columns diffuse light",Form-finding with hanging-chain models; now finished with digital design,Form-finding gives structure and expression together: the hall columns could branch,form-finding;structure;light;modern
seagram,Seagram Building,"New York, USA",1958,Mies van der Rohe; Philip Johnson,office,Steel frame (fire-encased) with bronze curtain wall,"Steel, bronze, glass",Plaza gives public space,Restraint and material precision; bronze aged deliberately,"Metal that patinates (copper, bronze) is a design decision about time",facade;material;metal;modern
salk,Salk Institute,"La Jolla, USA",1965,Louis Kahn,laboratory,Concrete with interstitial service floors,"Concrete, teak, travertine",Courtyard aligned to the sun and the ocean,Served/servant spaces: full service floors between labs,Give services their own zone (the 0.5 m ceiling zone) and never cut timber for them,concrete;services;light;modern
yoyogi,Yoyogi National Gymnasium,"Tokyo, Japan",1964,Kenzō Tange; Yoshikatsu Tsuboi,sports,Suspension roof from main cables between concrete masts,"Steel cables, concrete",Skylight along the ridge,Tensile long-span roof as monumental form,Long spans are an opportunity for the building's signature,long-span;tensile;structure;modern
kimbell,Kimbell Art Museum,"Fort Worth, USA",1972,Louis Kahn; August Komendant (engineer),museum,Post-tensioned cycloid concrete shells on four columns,"Concrete, travertine, aluminium reflectors",Slot skylights with reflectors wash vaults in daylight,Daylight as the main material of a gallery,"Galleries need diffused, controlled light: design reflectors with Radiance, not by eye",light;concrete;shell;museum;modern
sydney-opera,Sydney Opera House,"Sydney, Australia",1973,Jørn Utzon; Ove Arup & Partners,culture,Precast concrete ribbed shells derived from one sphere,"Precast concrete, ceramic tiles","Harbour setting, glazed ends",Geometry rationalised (all shells from one sphere) so the form could be built,Rationalise free form for repetition: standardise diagrid nodes,geometry;prefabrication;culture;modern
munich-olympic,Munich Olympic Stadium roof,"Munich, Germany",1972,Behnisch & Partner; Frei Otto; Leonhardt + Andrä,sports,Cable-net roof with acrylic panels,"Steel cables, acrylic",Translucent roof,Physical form-finding models for tensile surfaces,Model and form-find lightweight roofs before styling them,tensile;form-finding;lightweight;modern
multihalle,Multihalle Mannheim,"Mannheim, Germany",1975,Carlfried Mutschler; Frei Otto; Ove Arup & Partners,exhibition,Timber gridshell formed from a flat lath grid pushed up into shape,Hemlock laths,Translucent membrane covering,Pioneering large timber gridshell; later threatened by maintenance needs,"The closest structural ancestor of the hall roof: study its nodes, bracing and upkeep",timber;gridshell;lightweight;modern
pompidou,Centre Pompidou,"Paris, France",1977,Renzo Piano; Richard Rogers; Ove Arup & Partners (Peter Rice),culture,"Steel frame with cast gerberettes, services outside","Steel, glass","Free floors, exposed colour-coded services",Building as an adaptable machine for culture,Adaptability: let the hall change use without structural change,steel;services;flexibility;modern
lloyds,Lloyd's Building,"London, UK",1986,Richard Rogers Partnership; Arup,office,Concrete frame with external service towers,"Concrete, steel, glass",Central atrium with barrel vault,Servant towers outside for replaceable services,Put risers where they can be replaced (the cores),services;concrete;modern
hsbc-hk,HSBC Main Building,Hong Kong,1986,Foster Associates; Arup,office,Steel masts and suspension trusses carrying floor groups,"Steel, aluminium, glass",Sunscoop mirrors bring daylight into the atrium,Prefabricated modules from many countries; floors hung from trusses,Bring daylight deep with reflectors; prefabricate repetitive modules,steel;light;prefabrication;modern
hancock,John Hancock Center,"Chicago, USA",1969,SOM: Bruce Graham; Fazlur Khan,tower,Trussed tube with exterior X-bracing,Steel,—,Structural efficiency through form: material per area dropped dramatically,The most efficient structure is often the one placed at the perimeter,steel;tube;efficiency;wind;modern
sears,Willis (Sears) Tower,"Chicago, USA",1973,SOM: Bruce Graham; Fazlur Khan,tower,Bundled tube of nine framed tubes,Steel,—,Bundled-tube system for height,"Lateral systems belong at the edges, not in one corner: the plan-torsion lesson",steel;tube;lateral;modern
institut-monde-arabe,Institut du Monde Arabe,"Paris, France",1987,Jean Nouvel; Architecture-Studio,culture,Steel frame with curtain walls,"Steel, glass, mechanical diaphragms",South façade of camera-like apertures meant to respond to light,Responsive mashrabiya; the mechanisms proved hard to maintain,"Static, geometry-tuned perforation is more robust than moving parts: keep the veil fixed",facade;light;mashrabiya;maintenance;contemporary
church-of-light,Church of the Light,"Ibaraki, Japan",1989,Tadao Ando,sacred,Cast-in-place concrete box,Concrete,Cross-shaped slot in the wall as the only ornament,Extreme reduction: light cut into mass,One precise aperture in the heavy plinth can mark the threshold,light;concrete;minimal;contemporary
therme-vals,Therme Vals,"Vals, Switzerland",1996,Peter Zumthor,bath,Composite of stone layers and concrete forming cantilevered blocks,"Valser quartzite, concrete",Light slots between roof slabs,"Atmosphere through material, temperature, sound and light","Write the sensory brief: temperature, acoustics, touch, as well as sight",material;light;craft;contemporary
eastgate,Eastgate Centre,"Harare, Zimbabwe",1996,Mick Pearce; Arup,office,Concrete frame with high thermal mass and stack chimneys,"Concrete, brick",Night flushing and stacks inspired by termite mounds; no conventional air conditioning,Biomimetic passive cooling at urban scale,Night purge through thermal mass works when sized; simulate it for the hall,passive;biomimetic;climate;contemporary
guggenheim-bilbao,Guggenheim Museum Bilbao,"Bilbao, Spain",1997,Frank Gehry; SOM (engineering),museum,"Steel framework clad in titanium, defined in CATIA","Titanium, glass, limestone",Atrium light,Digital design-to-fabrication for complex form,Digital fabrication can make bespoke façades affordable if data flows from model to shop,digital;facade;metal;contemporary
te-papa,Museum of New Zealand Te Papa Tongarewa,"Wellington, New Zealand",1998,Jasmax; Holmes Consulting (engineering),museum,Base-isolated with lead-rubber bearings,"Concrete, steel",Harbour-facing public spaces,Base isolation protecting collections and occupants in a high-seismic city,"For a stiff, short-period building like the pavilion, isolation can cut demand strongly: evaluate it",seismic;isolation;museum;contemporary
expo2000-japan,"Japan Pavilion, Expo 2000","Hannover, Germany",2000,Shigeru Ban; Frei Otto; Buro Happold,pavilion,Paper-tube gridshell,"Paper tubes, timber, membrane",Translucent membrane,"Recyclable, temporary structure from low-carbon materials",Design for disassembly: plan the end of life of the timber,lightweight;gridshell;circular;pavilion;contemporary
gando-school,Gando Primary School,"Gando, Burkina Faso",2001,Diébédo Francis Kéré,education,Compressed earth-block walls with a raised ventilated steel roof,"Clay blocks, steel, concrete",Double roof shades and ventilates; local labour,Community-built climate architecture,Use local materials and skills; the earth plinth can be built by the community,earth;passive;community;education;contemporary
sendai-mediatheque,Sendai Mediatheque,"Sendai, Japan",2001,Toyo Ito; Mutsuro Sasaki,library,Steel plate honeycomb slabs carried by thirteen lattice tubes,"Steel, glass",Tubes bring light and services through the floors,"Structure as vertical tubes holding light, services and movement; performance in the 2011 earthquake is documented (check reports)",Vertical elements can carry light and services; check non-structural damage lessons,steel;light;seismic;contemporary
torre-mayor,Torre Mayor,"Mexico City, Mexico",2003,Zeidler Partnership; Enrique Martinez Romero; Taylor Devices,tower,Concrete and steel frame with viscous dampers in bracing,"Concrete, steel",—,"Supplemental damping in a soft-soil, high-seismic city","Damping and isolation are design tools, not afterthoughts",seismic;damping;contemporary
30-st-mary-axe,30 St Mary Axe,"London, UK",2004,Foster + Partners; Arup,office,Perimeter steel diagrid,"Steel, glass",Spiralling light wells for natural ventilation,Diagrid efficiency with curved form,Diagrids turn geometry into stiffness; same logic as the hall lattice,diagrid;steel;ventilation;contemporary
taipei-101,Taipei 101,"Taipei, Taiwan",2004,C.Y. Lee & Partners; Thornton Tomasetti,tower,"Mega-columns, outriggers and a tuned mass damper","Steel, concrete",—,Visible tuned mass damper for wind comfort and seismic,Make engineering visible where it can be part of the experience,seismic;wind;damping;contemporary
kanazawa21,21st Century Museum of Contemporary Art,"Kanazawa, Japan",2004,SANAA,museum,"Thin steel columns and roof, circular glass perimeter","Steel, glass",Courtyards bring light into a deep plan,Non-hierarchical circular plan; open to the city on all sides,A pavilion can be permeable on every side; plan entries and security with it,pavilion;light;space;contemporary
kolumba,Kolumba Museum,"Cologne, Germany",2007,Peter Zumthor,museum,"New masonry walls over Roman, medieval and wartime ruins",Hand-made grey brick with perforated filter walls,Perforated brick lets air and dappled light into the ruin hall,Perforated masonry as filter between old and new,The closest façade precedent to the veil: perforation scaled to light and air,facade;perforation;brick;light;contemporary
bird-nest,Beijing National Stadium,"Beijing, China",2008,Herzog & de Meuron; Arup; China Architecture Design & Research Group,sports,Steel lattice of interwoven members,"Steel, ETFE",Translucent membrane in the gaps,Structure as ornament at vast scale,Ornament that is also structure must be engineered member by member,steel;lattice;sports;contemporary
stadthaus,Stadthaus (Murray Grove),"London, UK",2009,Waugh Thistleton; Techniker,residential,Cross-laminated timber walls and floors above a concrete podium,"CLT, concrete",—,Early multi-storey CLT residential building,Concrete-plinth plus timber-above is a proven hybrid: same family as the pavilion,timber;CLT;hybrid;contemporary
pompidou-metz,Centre Pompidou-Metz,"Metz, France",2010,Shigeru Ban; Jean de Gastines; Arup,museum,Hexagonal glulam gridshell roof,"Glulam, PTFE membrane",Translucent roof filters light,Free-form glulam gridshell over galleries,Direct precedent for the diagrid: study fabrication of curved glulam and node design,timber;gridshell;glulam;museum;contemporary
burj-khalifa,Burj Khalifa,"Dubai, UAE",2010,SOM: Adrian Smith; William F. Baker,tower,Buttressed core: hexagonal core braced by three wings,"Reinforced concrete, steel spire",Tapering form confuses wind vortices,Shaping for wind proven in tunnel testing,Configuration beats brute force: shape and place the lateral system first,lateral;wind;concrete;contemporary
rolex-learning,Rolex Learning Center,"Lausanne, Switzerland",2010,SANAA,education,Concrete shell floor with steel and timber roof,"Concrete, steel, timber, glass",Patios bring light into a deep undulating plan,One continuous landscape-like interior,Continuous space needs careful fire and acoustic zoning,space;shell;education;contemporary
metropol-parasol,Metropol Parasol,"Seville, Spain",2011,J. Mayer H.; Arup,public,Laminated veneer lumber waffle with steel connections,"LVL, polyurethane coating, steel",Shade over a public square,Large timber structure from a digital waffle grid; durability needed special coating,Exposed timber outdoors needs a durability plan; keep the lattice under cover,timber;LVL;digital;public;contemporary
bait-ur-rouf,Bait Ur Rouf Mosque,"Dhaka, Bangladesh",2012,Marina Tabassum,sacred,Load-bearing brick with perforated walls and light wells,Brick,Perforated brick and skylights cool and light the prayer hall,Light and air as the only ornament; modest budget,"Perforation, brick and earth can make a sacred-feeling hall on a small budget",brick;perforation;light;passive;contemporary
al-bahar,Al Bahar Towers,"Abu Dhabi, UAE",2012,Aedas; Arup,office,Concrete towers with a dynamic façade of folding units,"Concrete, glass, PTFE-coated mesh units",Automated mashrabiya reduces solar gain,Computational responsive shading,"If the veil ever moves, design maintenance access and failure modes first",facade;mashrabiya;computational;contemporary
bullitt,Bullitt Center,"Seattle, USA",2013,Miller Hull; DCI Engineers,office,Heavy timber frame over concrete podium,"Timber, concrete, steel","Net-positive energy target with a large PV roof, rainwater and composting systems",Performance-based design aimed at the Living Building Challenge,"Set measurable targets (energy, water, carbon) and monitor them after opening",timber;sustainability;performance;contemporary
bosco-verticale,Bosco Verticale,"Milan, Italy",2014,Boeri Studio; Arup,residential,Reinforced-concrete towers with deep cantilevered balconies holding trees,"Concrete, planting",Vegetation shades and filters,"Trees as façade, with heavy loads and wind on planting","Roof garden trees bring large loads, wind and maintenance: engineer them",green;concrete;cantilever;contemporary
brock-commons,Brock Commons Tallwood House,"Vancouver, Canada",2017,Acton Ostry Architects; Fast + Epp,residential,"CLT floors on glulam columns, two concrete cores for lateral load","CLT, glulam, concrete",—,Rapid hybrid mass-timber erection with concrete cores,Same system as the pavilion: cores + glulam + CLT. Study its core placement and connection details,timber;CLT;hybrid;cores;contemporary
elbphilharmonie,Elbphilharmonie,"Hamburg, Germany",2017,Herzog & de Meuron; Yasuhisa Toyota (acoustics),culture,New concert hall structure on top of an old warehouse,"Concrete, steel, curved glass",Printed curved glass façade,Acoustic design with parametrically shaped panels; major cost and schedule overruns,Complexity costs money and time: price the bespoke parts early,acoustics;culture;cost-lesson;contemporary
louvre-abu-dhabi,Louvre Abu Dhabi,"Abu Dhabi, UAE",2017,Jean Nouvel; Buro Happold,museum,Steel space-frame dome clad in layered perforated patterns,"Steel, aluminium/stainless cladding",'Rain of light': layered perforations dapple light and shade,Perforated geometry as climate and atmosphere,The strongest precedent for a sun-tuned perforated veil: layered patterns and daylight simulation,facade;perforation;light;climate;contemporary
mjostarnet,Mjøstårnet,"Brumunddal, Norway",2019,Voll Arkitekter; Moelven,mixed-use,"Glulam columns, beams and diagonals with timber floors","Glulam, LVL, CLT, some concrete in upper floors",—,Very tall timber building with glulam truss-bracing,Timber can carry lateral load through diagonal bracing; a timber alternative to the south elements,timber;glulam;bracing;contemporary
sara-kulturhus,Sara Kulturhus,"Skellefteå, Sweden",2021,White Arkitekter; Florian Kosche,culture,Timber modules and CLT cores for a tall hotel; glulam for the cultural centre,"Glulam, CLT",—,"A culture house plus hotel in timber, including lateral systems",A cultural building in timber with timber cores is possible: compare with concrete cores on carbon,timber;CLT;culture;cores;contemporary
los-manantiales,Los Manantiales Restaurant,"Xochimilco, Mexico",1958,Félix Candela,restaurant,Groined hyperbolic-paraboloid concrete shell,Thin reinforced concrete,Glazed edges between shell petals,Very thin shell from straight-line formwork,Doubly curved forms can be built from straight elements: useful for the canopy,shell;concrete;geometry;modern
palazzetto,Palazzetto dello Sport,"Rome, Italy",1957,Annibale Vitellozzi; Pier Luigi Nervi,sports,Ribbed concrete dome from precast ferrocement units on Y-shaped buttresses,"Precast concrete, ferrocement",Ribbed ceiling diffuses light,Precast ribs give ornament and speed,Rib patterns can come from the force flow and be prefabricated,shell;prefabrication;concrete;modern
twa,TWA Flight Center,"New York, USA",1962,Eero Saarinen and Associates; Ammann & Whitney,transport,Four reinforced-concrete shell vaults on Y-piers,Concrete,Skylight joints between shells,Expressive shells; demanding formwork,Expressive form needs early buildability input,shell;concrete;form;modern
atlantida,Church of Christ the Worker,"Atlántida, Uruguay",1960,Eladio Dieste,sacred,Undulating reinforced-brick walls and Gaussian vaults,Reinforced brick,Light through brick lattices,"Reinforced masonry shells: thin, cheap, local",Brick can do far more than cladding: the plinth could be reinforced brick,brick;shell;craft;modern
deitingen,Deitingen service station shells,"Deitingen, Switzerland",1968,Heinz Isler,infrastructure,Thin concrete shells form-found from hanging membranes,Concrete,Open edges,"Shell shapes found by physical models, very thin","Form-finding again: physical or numerical, before you style",shell;form-finding;concrete;modern
new-gourna,New Gourna Village,"Luxor, Egypt",1940s,Hassan Fathy,settlement,Mud-brick vaults and domes (Nubian technique),Mud brick,"Courtyards, malqaf windcatchers, thick walls",Revival of vernacular earth building for social housing,"Earth and community labour, but social acceptance is part of success",earth;passive;community;vernacular;modern
villa-rotonda,Villa Rotonda (Villa Almerico Capra),"Vicenza, Italy",begun 1567,Andrea Palladio; completed by Vincenzo Scamozzi,house,"Load-bearing masonry, central domed hall","Brick, stucco, stone",Four identical porticoes catch views and breezes on every side,Harmonic proportions and perfect symmetry for a country house,House: use one proportion system for rooms and façades so the whole reads as one,house;proportion;historic
robie-house,Frederick C. Robie House,"Chicago, USA",1910,Frank Lloyd Wright,house,Brick bearing walls with steel beams carrying long cantilevered roofs,"Roman brick, steel, art glass",Deep eaves shade summer sun; bands of leaded windows,Prairie style: horizontal living spaces flowing around a central hearth,House: deep horizontal shading over the big south glass,house;cantilever;climate;modern
schroder-house,Rietveld Schröder House,"Utrecht, Netherlands",1924,Gerrit Rietveld with Truus Schröder,house,Brick and concrete with steel elements,"Brick, plaster, timber, steel, glass",Corner windows open fully to the outside,Upper floor reconfigured daily with sliding partitions,House: a family lounge that sliding walls can split into rooms,house;flexibility;space;modern
villa-muller,Villa Müller,"Prague, Czech Republic",1930,Adolf Loos; Karel Lhota,house,Reinforced-concrete frame with masonry,"Concrete, render, marble, timber panelling",Rooms at different levels linked by views,"Raumplan: each room has the height its use deserves, linked in section","House: vary heights, with a double-height living room seen from the floor above",house;space;section;modern
maison-de-verre,Maison de Verre,"Paris, France",1932,Pierre Chareau; Bernard Bijvoet; Louis Dalbet (metalwork),house,Steel frame inserted under an existing apartment,"Steel, glass block, glass, rubber flooring",Glass-block façade fills a double-height salon with diffused light,Industrial materials and a three-storey glass-block wall in a house,House: a two-storey glazed wall gives light and privacy together,house;light;steel;glass;modern
melnikov-house,Melnikov House,"Moscow, Russia",1929,Konstantin Melnikov,house,Two interlocking brick cylinders in a honeycomb lattice,"Brick, timber floors","About two hundred hexagonal openings in the walls, many filled in",Structural lattice where windows are just unfilled cells,House: the wall pattern can be structure and window at once,house;brick;facade;modern
villa-mairea,Villa Mairea,"Noormarkku, Finland",1939,Alvar Aalto,house,Steel and concrete frame with timber and stone,"Timber, stone, rattan, render","Courtyard and sauna, light filtered by timber poles",A forest of timber poles screens the stair: nature brought indoors,House: a timber-slat screen around the stair,house;timber;craft;modern
barragan-house,Casa Luis Barragán,"Mexico City, Mexico",1948,Luis Barragán,house,Load-bearing masonry with timber beams,"Render, volcanic stone, timber, pigment","Coloured walls, high windows and a walled roof terrace","Silence, colour and controlled light; a roof terrace open only to the sky",House: an enclosed roof garden with high walls framing the sky,house;light;roof;colour;modern
eames-house,Eames House (Case Study House No. 8),"Pacific Palisades, USA",1949,Charles and Ray Eames,house,Off-the-shelf steel frame and open-web joists,"Steel, glass, coloured panels",Double-height living room facing a meadow,Mass-produced industrial parts used for a beautiful home,House: standard components keep cost down if the module is respected,house;prefabrication;steel;modern
glass-house,Glass House,"New Canaan, USA",1949,Philip Johnson,house,Steel frame with full glass walls; brick cylinder for the bathroom,"Steel, glass, brick",Landscape as the wall,Total transparency with services in one solid core,House: put bathrooms and stairs in solid cores so the rest can open up,house;glass;transparency;modern
farnsworth-house,Farnsworth House,"Plano, USA",1951,Ludwig Mies van der Rohe,house,White steel frame lifted above a flood plain,"Steel, glass, travertine",Glass on all sides; overheating and condensation complaints,Purity of the raised glass pavilion; it has still flooded several times,"House: glass needs shading and ventilation, and floods must be designed for",house;glass;failure-lesson;flood;modern
moriyama-house,Moriyama House,"Tokyo, Japan",2005,Ryue Nishizawa,house,Ten separate steel-plate boxes on one plot,"Thin steel plate, glass",Gardens between the boxes,A house as a small village of rooms and gardens,"House: outdoor rooms (deck, balcony, roof garden) count as rooms",house;steel;garden;contemporary
